%													
#for correction of metFormula (and metCharges) to balance equation	"#Note: no changes are made to R groups in model.metFormulas, since R groups can represent any CnHn and modification may cause other reactions to have unbalanced R groups"												
#model.mets	model.metFormulas	new_metFormulas	model.metCharges	new_metCharges	refMNXMID	rxn/related rxn(s)	refMNXRID	elementdiff	Notes	MNXNotes	KEGGNotes	ChEBINotes	otherDatabaseNotes
s_0710[m]	C42H44FeN8O8S2R4	C42H45FeN8O8S2R4	0	[]	MNXM746	r_0001	MNXR138960	H2	s_0710[m]: changed metFormula C42H44FeN8O8S2R4 to C42H45FeN8O8S2R4 to balance equation	"| ferricytochrome c is reduced to form ferrocytochrome c, thus 2 H added to metFormula for ferrocytochrome"	[]	[]	[]
s_0142[c]	C9H18N5O8P	C9H16N5O8P	0	-2	MNXM1099	r_0014	MNXR112805	H2	s_0142[c]: changed metFormula C9H18N5O8P to C9H16N5O8P to balance equation | changed metCharges 0 to -2 to balance equation	| based on metFormula in MNXM1099	[]	[]	[]
s_0194[c]	C10H12N5O5P	C10H11N5O5P	0	-1	MNXM9931	r_0034	MNXR136084	H1	s_0194[c]: changed metFormula C10H12N5O5P to C10H11N5O5P to balance equation | changed metCharges 0 to -1 to balance equation	| based on metFormula in MNXM9931	[]	[]	[]
s_0196[c]	C10H11N4O7P	C10H10N4O7P	0	-1	MNXM9932	r_0035	MNXR136083	H1	s_0196[c]: changed metFormula C10H11N4O7P to C10H10N4O7P to balance equation | changed metCharges 0 to -1 to balance equation	| based on metFormula in MNXM9932	[]	[]	[]
s_0158[c]	C4H9O6P	C4H7O6P	0	-2	MNXM2323	r_0038	MNXR97178	H-2	s_0158[c]: changed metFormula C4H9O6P to C4H7O6P to balance equation | changed metCharges 0 to -2 to balance equation	| based on metFormula in MNXM2323	[]	[]	[]
s_0215[c]	C37H54O3	C37H53O3	0	-1	MNXM3167	r_0043	MNXR110601	H1	s_0215[c]: changed metFormula C37H54O3 to C37H53O3 to balance equation | changed metCharges 0 to -1 to balance equation	| based on metFormula in MNXM3167	[]	| based on metFormula in CHEBI:31116	
s_0054[p]	C35H62N7O18P3S	C35H58N7O18P3S	0	-4	MNXM767	r_0057	MNXR100547	H4	s_0054[p]: changed metFormula C35H62N7O18P3S to C35H58N7O18P3S to balance equation | changed metCharges 0 to -4 to balance equation	| based on metFormula in MNXM767	[]	[]	[]
s_0147[c]	C7H5NO5	C7H6NO5	-2	-1	MNXM1372	r_0058	MNXR94889	H1	s_0147[c]: changed metFormula C7H5NO5 to C7H6NO5 to balance equation | changed metCharges -2 to -1 to balance equation	| based on metFormula in MNXM1372	[]	[]	[]
s_1488[m]	C19H23N7O6	C19H21N7O6	0	-2	MNXM79	r_0063; r_0503	MNXR100142	H2	s_1488[m]: changed metFormula C19H23N7O6 to C19H21N7O6 to balance equation | changed metCharges 0 to -2 to balance equation	[]	[]	[]	[]
s_0269[c]	C10H9NO5	C10H10NO5	-2	-1	MNXM1458	r_0066; r_0067	MNXR95440	H1	s_0269[c]: changed metFormula C10H9NO5 to C10H10NO5 to balance equation | changed metCharges -2 to -1 to balance equation	| based on metFormula in MNXM1458	[]	[]	[]
s_0279[c]	C6H19O27P7	C6H6O27P7	0	-13	MNXM37435	r_0073	MNXR103044	H12	s_0279[c]: changed metFormula C6H19O27P7 to C6H6O27P7 to balance equation | changed metCharges 0 to -13 to balance equation	[]	[]	[]	[]
s_0263[c]	C6H20O30P8	C6H7O30P8	0	-13	MNXM484827	r_0074	[]	O-1H-14	s_0263[c]: changed metFormula C6H20O30P8 to C6H7O30P8 to balance equation | changed metCharges 0 to -13 to balance equation	[]	[]	[]	[]
s_0333[c]	C6H19O27P7	C6H6O27P7	0	-13	MNXM38670	r_0092; r_0093	MNXR103044	H12	s_0333[c]: changed metFormula C6H19O27P7 to C6H6O27P7 to balance equation | changed metCharges 0 to -13 to balance equation	[]	[]	[]	[]
s_0309[c]	C6H20O30P8	C6H7O30P8	0	-13	MNXM487477	r_0093	[]	O-1H-14	s_0309[c]: changed metFormula C6H20O30P8 to C6H7O30P8 to balance equation | changed metCharges 0 to -13 to balance equation	[]	[]	[]	[]
s_0250[p]	C39H68N7O18P3S	C39H64N7O18P3S	0	-4	MNXM513	r_0100	MNXR95204	H4	s_0250[p]: changed metFormula C39H68N7O18P3S to C39H64N7O18P3S to balance equation | changed metCharges 0 to -4 to balance equation	| based on metFormula in MNXM513	[]	[]	[]
s_0243[p]	C47H84N7O18P3S	C47H80N7O18P3S	0	-4	MNXM36758	r_0101; r_2160	MNXR124343	H4	s_0243[p]: changed metFormula C47H84N7O18P3S to C47H80N7O18P3S to balance equation | changed metCharges 0 to -4 to balance equation	[]	[]	[]	[]
s_0257[p]	C35H60N7O18P3S	C35H56N7O18P3S	0	-4	MNXM707	r_0105	MNXR95201	H4	s_0257[p]: changed metFormula C35H60N7O18P3S to C35H56N7O18P3S to balance equation | changed metCharges 0 to -4 to balance equation	| based on metFormula in MNXM707	[]	[]	[]
s_0239[p]	C31H52N7O18P3S	C31H48N7O18P3S	0	-4	MNXM677	r_0106	MNXR95198	H4	s_0239[p]: changed metFormula C31H52N7O18P3S to C31H48N7O18P3S to balance equation | changed metCharges 0 to -4 to balance equation	| based on metFormula in MNXM677	[]	[]	[]
s_0247[p]	C33H56N7O18P3S	C33H52N7O18P3S	0	-4	MNXM705	r_0107	MNXR95200	H4	s_0247[p]: changed metFormula C33H56N7O18P3S to C33H52N7O18P3S to balance equation | changed metCharges 0 to -4 to balance equation	| based on metFormula in MNXM705	[]	[]	[]
s_1513[p]	C47H84N7O17P3S	C47H80N7O17P3S	0	-4	MNXM114303	r_0122; r_2181 (s_2815[erm])	MNXR124346	H-4	s_1513[p]: changed metFormula C47H84N7O17P3S to C47H80N7O17P3S to balance equation | changed metCharges 0 to -4 to balance equation	[]	[]	[]	[]
s_0823[p]	C37H64N7O17P3S	C37H60N7O17P3S	0	-4	MNXM581	r_0123	MNXR95367	H-4	s_0823[p]: changed metFormula C37H64N7O17P3S to C37H60N7O17P3S to balance equation | changed metCharges 0 to -4 to balance equation	| based on metFormula in MNXM581	[]	[]	[]
s_1516[p]	C39H68N7O17P3S	C39H64N7O17P3S	0	-4	MNXM954	r_0124	MNXR95368	H-4	s_1516[p]: changed metFormula C39H68N7O17P3S to C39H64N7O17P3S to balance equation | changed metCharges 0 to -4 to balance equation	| based on metFormula in MNXM954	[]	[]	[]
s_0341[c]	C9H19N2O2	C9H21N2O2	-1	1	MNXM1140	r_0146	MNXR95806	H2	s_0341[c]: changed metFormula C9H19N2O2 to C9H21N2O2 to balance equation | changed metCharges -1 to 1 to balance equation	| based on metFormula in MNXM1140	[]	[]	[]
s_0389[c]	C10H14N5O7P	C10H12N5O7P	0	-2	MNXM7028	r_0155	MNXR117324	H-2	s_0389[c]: changed metFormula C10H14N5O7P to C10H12N5O7P to balance equation | changed metCharges 0 to -2 to balance equation	| based on metFormula in MNXM7028	[]	[]	[]
s_0404[c]	C3H6NOR	C3H7NOR	0	1	MNXM89576	r_0157	MNXR107903	[]	s_0404[c]: changed metFormula C3H6NOR to C3H7NOR to balance equation | changed metCharges 0 to 1 to balance equation	[]	[]	[]	| Reference to BioCycID ALANINE--TRNA-LIGASE-RXN
s_1582[c]	R	RH	[]	0	MNXM89576	r_0157	MNXR107903	[]	s_1582[c]: changed R to RH to balance equation	[]	[]	[]	| Reference to BioCycID ALANINE--TRNA-LIGASE-RXN
s_1555[c]	C3H6N2O4	C3H5N2O4	0	-1	MNXM490	r_0189	MNXR95767	H-1	s_1555[c]: changed metFormula C3H6N2O4 to C3H5N2O4 to balance equation | changed metCharges 0 to -1 to balance equation	| based on metFormula in MNXM490	[]	[]	[]
s_0414[g]	C38H68N2O27P2	C48H84N2O27P2	0	[]	MNXM41231	r_0192	MNXR109280	H2	s_0414[g]: changed C38H68N2O27P2 to C48H84N2O27P2 to balance equation	| based on metFormula in MNXM41231	[]	[]	[]
s_0444[g]	C32H58N2O22P2	C42H72N2O22P2	0	-2	MNXM1078	r_0192	MNXR109280	H2	s_0444[g]: changed metFormula C32H58N2O22P2 to C42H72N2O22P2 to balance equation | changed metCharges 0 to -2 to balance equation	| based on metFormula in MNXM1078	[]	[]	[]
s_0428[c]	C6H14N4OR	C6H15N4OR	0	2	MNXM89870	r_0209; r_0210	MNXR95950	[]	s_0428[c]: changed metFormula C6H14N4OR to C6H15N4OR to balance equation | changed metCharges 0 to 2 to balance equation	[]	[]	[]	| Reference to BioCycID ARGININE--TRNA-LIGASE-RXN
s_1583[c]	R	RH	0	[]	MNXM90751	r_0209; r_0210	MNXR95950	[]	s_1583[c]: changed R to RH to balance equation	[]	[]	[]	| Reference to BioCycID ARGININE--TRNA-LIGASE-RXN
s_0430[c]	C4H7N2O2R	C4H8N2O2R	0	1	MNXM89761	r_0212;r_0213	MNXR96064	[]	s_0430[c]: changed metFormula C4H7N2O2R to C4H8N2O2R to balance equation | changed metCharges 0 to 1 to balance equation	[]	[]	[]	| Reference to BioCycID ASPARAGINE--TRNA-LIGASE-RXN
s_1585[c]	R	RH	0	[]	MNXM90665	r_0212;r_0213	MNXR96064	[]	s_1585[c]: changed R to RH to balance equation	[]	[]	[]	| Reference to BioCycID ASPARAGINE--TRNA-LIGASE-RXN
s_0295[c]	C4H5NO7P	C4H6NO7P	-3	-2	MNXM1177	r_0215; r_0219	MNXR96085	H1	s_0295[c]: changed metFormula C4H5NO7P to C4H6NO7P to balance equation | changed metCharges -3 to -2 to balance equation	| based on metFormula in MNXM1177	[]	[]	[]
s_0432[c]	C4H5NO3R	C4H6NO3R	0	[]	MNXM164570	r_0220; r_0221	MNXR96101	[]	s_0432[c]: changed C4H5NO3R to C4H6NO3R to balance equation	[]	[]	[]	| Reference to BioCycID ASPARTATE--TRNA-LIGASE-RXN
s_1587[c]	R	RH	0	[]	MNXM90752	r_0220; r_0221	MNXR96101	[]	s_1587[c]: changed R to RH to balance equation	[]	[]	[]	| Reference to BioCycID ASPARTATE--TRNA-LIGASE-RXN
s_1284[c]	C20H28N10O20P4	C20H24N10O20P4	0	-4	MNXM66180	r_0223	MNXR136085	H-4	s_1284[c]: changed metFormula C20H28N10O20P4 to C20H24N10O20P4 to balance equation | changed metCharges 0 to -4 to balance equation	| based on metFormula in MNXM66180	[]	[]	[]
s_0443[c]	C32H58N2O22P2	C42H72N2O22P2	0	-2	MNXM1078	r_0228	MNXR108930	C10H16	s_0443[c]: changed metFormula C32H58N2O22P2 to C42H72N2O22P2 to balance equation | changed metCharges 0 to -2 to balance equation	| based on metFormula in MNXM1078	[]	[]	[]
s_1184[c]	C36H64N2O17P2	C36H62N2O17P2	0	-2	MNXM63078	r_0228	MNXR108930	C10H16	s_1184[c]: changed metFormula C36H64N2O17P2 to C36H62N2O17P2 to balance equation | changed metCharges 0 to -2 to balance equation	| based on metFormula in MNXM63078	[]	[]	[]
s_1578[c]	C29H46O2	C28H43O3	0	-1	MNXM89471	r_0234; r_0240	[]	C1O-1H2	s_1578[c]: changed metFormula C29H46O2 to C28H43O3 to balance equation | changed metCharges 0 to -1 to balance equation	| based on BioCyc ID: RXN66-318 and CHEBI:143575	[]	[]	[]
s_0297[c]	C29H46O3	C29H45O3	0	-1	MNXM37762	r_0235	MNXR128630	H1	s_0297[c]: changed metFormula C29H46O3 to C29H45O3 to balance equation | changed metCharges 0 to -1 to balance equation	| based on metFormula in MNXM37762	[]	[]	[]
s_1230[c]	C52H78O3	C52H77O3	0	-1	MNXM2847	r_0249	MNXR110956	H2	s_1230[c]: changed metFormula C52H78O3 to C52H77O3 to balance equation | changed metCharges 0 to -1 to balance equation	| based on metFormula in MNXM2847	[]	[]	[]
s_1231[c]	C45H76O7P2	C45H73O7P2	0	-3	MNXM968	r_0249	MNXR110956	H2	s_1231[c]: changed metFormula C45H76O7P2 to C45H73O7P2 to balance equation | changed metCharges 0 to -3 to balance equation	| based on metFormula in MNXM968	[]	[]	[]
s_0469[c]	C14H26N4O11P2	C14H25N4O11P2	0	-1	MNXM283	r_0274	MNXR96686	H-1	s_0469[c]: changed metFormula C14H26N4O11P2 to C14H25N4O11P2 to balance equation | changed metCharges 0 to -1 to balance equation	| based on metFormula in MNXM283	[]	[]	[]
s_0817[er]	C47H86N7O17P3S	C47H82N7O17P3S	0	-4	MNXM1190	r_0264; r_0266	MNXR110315	H4	s_0817[er]: changed metFormula C47H86N7O17P3S to C47H82N7O17P3S to balance equation | changed metCharges 0 to -4 to balance equation	[]	[]	[]	[]
s_1480[er]	C45H82N7O17P3S	C45H78N7O17P3S	0	-4	MNXM1504	r_0265	MNXR126660	H4	s_1480[er]: changed metFormula C45H82N7O17P3S to C45H78N7O17P3S to balance equation | changed metCharges 0 to -4 to balance equation	[]	[]	[]	[]
s_1366[er]	C18H39NO3	C18H40NO3	0	1	MNXM914	r_0266	MNXR110323	H3	s_1366[er]: changed metFormula C18H39NO3 to C18H40NO3 to balance equation | changed metCharges 0 to 1 to balance equation	[]	[]	[]	[]
s_0510[ce]	C6H12NO4	C6H11NO4	0	[]	MNXM2106	r_0271	MNXR107444	H-1	s_0510[ce]: changed C6H12NO4 to C6H11NO4 to balance equation	| based on metFormula in bigg:chitos (linked to MNXM2106 as external resource)	[]	[]	[]
s_1312[lp]	C25H44O7P2	C25H41O7P2	0	-3	MNXM2210	r_0282	MNXR100137	H-3	s_1312[lp]: changed metFormula C25H44O7P2 to C25H41O7P2 to balance equation | changed metCharges 0 to -3 to balance equation	| based on metFormula in MNXM2210	[]	[]	[]
s_0815[lp]	C35H60O7P2	C35H57O7P2	0	-3	MNXM1722	r_0284; r_0285	MNXR100621	H-3	s_0815[lp]: changed metFormula C35H60O7P2 to C35H57O7P2 to balance equation | changed metCharges 0 to -3 to balance equation	| based on metFormula in MNXM1722	[]	[]	[]
s_0830[lp]	C30H52O7P2	C30H49O7P2	0	-3	MNXM1067	r_0284	MNXR100621	H-3	s_0830[lp]: changed metFormula C30H52O7P2 to C30H49O7P2 to balance equation | changed metCharges 0 to -3 to balance equation	| based on metFormula in MNXM1067	[]	[]	[]
s_1259[lp]	C40H68O7P2	C40H65O7P2	0	-3	MNXM811	r_0286	MNXR110950	H3	s_1259[lp]: changed metFormula C40H68O7P2 to C40H65O7P2 to balance equation | changed metCharges 0 to -3 to balance equation	| based on metFormula in MNXM811	[]	[]	[]
s_0606[lp]	C50H84O7P2	C50H81O7P2	0	-3	MNXM1721	r_0287	MNXR112246	H-3	s_0606[lp]: changed metFormula C50H84O7P2 to C50H81O7P2 to balance equation | changed metCharges 0 to -3 to balance equation	| based on metFormula in MNXM1721	[]	[]	[]
s_1549[lp]	C55H92O7P2	C55H89O7P2	0	-3	MNXM5043	r_0288	MNXR105052	H-3	"| deduced based on downstream reactions involved in dolichol and dolichyl phosphate synthesis - assumption that metFormula and metCharges for dolichol (uncharged), dolichyl phosphate (uncharged) and diphosphate (-3) in current version is correct"	| Reference to metFormula in MNXM5043	[]	[]	[]
s_0641[lp]	C60H100O7P2	C60H97O7P2	0	-3	MNXM11433	r_0289	[]	[]	"| deduced based on downstream reactions involved in dolichol and dolichyl phosphate synthesis - assumption that metFormula and metCharges for dolichol (uncharged), dolichyl phosphate (uncharged) and diphosphate (-3) in current version is correct"	| Reference to metFormula in MNXM11433	[]	[]	[]
s_1523[lp]	C65H108O7P2	C65H105O7P2	0	-3	MNXM5721	r_0290	[]	[]	"| deduced based on downstream reactions involved in dolichol and dolichyl phosphate synthesis - assumption that metFormula and metCharges for dolichol (uncharged), dolichyl phosphate (uncharged) and diphosphate (-3) in current version is correct"	| Reference to metFormula in MNXM5721	[]	[]	[]
s_1483[lp]	C70H116O7P2	C70H113O7P2	0	-3	MNXM83846	r_0291	[]	[]	"| deduced based on downstream reactions involved in dolichol and dolichyl phosphate synthesis - assumption that metFormula and metCharges for dolichol (uncharged), dolichyl phosphate (uncharged) and diphosphate (-3) in current version is correct"	| Reference to metFormula in MNXM83846	[]	[]	[]
s_1310[lp]	C75H124O7P2	C75H121O7P2	0	-3	MNXM73155	r_0292	[]	[]	"| deduced based on downstream reactions involved in dolichol and dolichyl phosphate synthesis - assumption that metFormula and metCharges for dolichol (uncharged), dolichyl phosphate (uncharged) and diphosphate (-3) in current version is correct"	| Reference to metFormula in MNXM73155	[]	[]	[]
s_0829[lp]	C80H132O7P2	C80H129O7P2	0	-3	MNXM56347	r_0293	[]	[]	"| deduced based on downstream reactions involved in dolichol and dolichyl phosphate synthesis - assumption that metFormula and metCharges for dolichol (uncharged), dolichyl phosphate (uncharged) and diphosphate (-3) in current version is correct"	| Reference to metFormula in MNXM56347	[]	[]	[]
s_0814[lp]	C85H140O7P2	C85H137O7P2	0	-3	MNXM56121	r_0294	[]	[]	"| deduced based on downstream reactions involved in dolichol and dolichyl phosphate synthesis - assumption that metFormula and metCharges for dolichol (uncharged), dolichyl phosphate (uncharged) and diphosphate (-3) in current version is correct"	| Reference to metFormula in MNXM56121	[]	[]	[]
s_1246[lp]	C90H148O7P2	C90H145O7P2	0	-3	MNXM65303	r_0295	[]	[]	"| deduced based on downstream reactions involved in dolichol and dolichyl phosphate synthesis - assumption that metFormula and metCharges for dolichol (uncharged), dolichyl phosphate (uncharged) and diphosphate (-3) in current version is correct"	| Reference to metFormula in MNXM65303	[]	[]	[]
s_1229[lp]	C95H156O7P2	C95H153O7P2	0	-3	MNXM64863	r_0296	[]	[]	"| deduced based on downstream reactions involved in dolichol and dolichyl phosphate synthesis - assumption that metFormula and metCharges for dolichol (uncharged), dolichyl phosphate (uncharged) and diphosphate (-3) in current version is correct"	| Reference to metFormula in MNXM64863	[]	[]	[]
s_0845[lp]	C100H164O7P2	C100H161O7P2	0	-3	MNXM57076	r_0297	[]	[]	"| deduced based on downstream reactions involved in dolichol and dolichyl phosphate synthesis - assumption that metFormula and metCharges for dolichol (uncharged), dolichyl phosphate (uncharged) and diphosphate (-3) in current version is correct"	| Reference to metFormula in MNXM57076	[]	[]	[]
s_0813[lp]	C105H172O7P2	C105H169O7P2	0	-3	MNXM56060	r_0298	[]	[]	"| deduced based on downstream reactions involved in dolichol and dolichyl phosphate synthesis - assumption that metFormula and metCharges for dolichol (uncharged), dolichyl phosphate (uncharged) and diphosphate (-3) in current version is correct"	| Reference to metFormula in MNXM56060	[]	[]	[]
s_0640[lp]	C110H180O7P2	C110H177O7P2	0	-3	MNXM51449	r_0299	[]	[]	"| deduced based on downstream reactions involved in dolichol and dolichyl phosphate synthesis - assumption that metFormula and metCharges for dolichol (uncharged), dolichyl phosphate (uncharged) and diphosphate (-3) in current version is correct"	| Reference to metFormula in MNXM51449	[]	[]	[]
s_0542[c]	C3H6NOSR	C3H7NOSR	0	1	MNXM155005	r_0313	MNXR97018	[]	s_0542[c]: changed metFormula C3H6NOSR to C3H7NOSR to balance equation | changed metCharges 0 to 1 to balance equation	[]	[]	[]	| Reference to BioCycID CYSTEINE--TRNA-LIGASE-RXN
s_1589[c]	R	RH	[]	0	MNXM162355	r_0313	MNXR97018	[]	s_1589[c]: changed R to RH to balance equation	[]	[]	[]	| Reference to BioCycID CYSTEINE--TRNA-LIGASE-RXN
s_0556[c]	C6H13O9P	C6H11O9P	0	-2	MNXM1553	r_0322	MNXR99460	H2	s_0556[c]: changed metFormula C6H13O9P to C6H11O9P to balance equation | changed metCharges 0 to -2 to balance equation	[]	[]	[]	[]
s_1108[er]	C6H12O6	C6H10O5	0	[]	MNXM2020	r_0362	MNXR136057	O-1H-3	s_1108[er]: changed C6H12O6 to C6H10O5 to balance equation	| based on metFormula in bigg:mannan (linked to MNXM2020 as external resource)	[]	[]	[]
s_1309[e]	C6H8O6	C6H7O6	0	[]	MNXM107600	r_0365	[]	H1	s_1309[e]: changed C6H8O6 to C6H7O6 to balance equation	| based on metFormula in MNXM107600	[]	[]	[]
s_0555[c]	C6H14O12P2	C6H10O12P2	0	-4	MNXM500	r_0449	MNXR106670	H4	s_0555[c]: changed metFormula C6H14O12P2 to C6H10O12P2 to balance equation | changed metCharges 0 to -4 to balance equation	[]	[]	[]	[]
s_0987[c]	C8H14N2O5	C8H13N2O5	0	-1	MNXM59390	r_0457	MNXR100451	H-1	s_0987[c]: changed metFormula C8H14N2O5 to C8H13N2O5 to balance equation | changed metCharges 0 to -1 to balance equation	| based on metFormula in MNXM59390	[]	[]	[]
s_1311[c]	C25H44O7P2	C25H41O7P2	0	-3	MNXM2210	r_0461	MNXR100137	H-3	s_1311[c]: changed metFormula C25H44O7P2 to C25H41O7P2 to balance equation | changed metCharges 0 to -3 to balance equation	| based on metFormula in MNXM2210	[]	[]	[]
s_0773[c]	C6H12O6	C6H10O5	0	[]	MNXM55375	r_0463; r_0464; r_0511	MNXR100180	O1H2	s_0773[c]: changed C6H12O6 to C6H10O5 to balance equation	| based on metFormula in bigg:glycogen (linked to MNXM55375 as external resource)	[]	[]	[]
s_0568[c]	C6H13O9P	C6H11O9P	0	-2	MNXM160	r_0467	MNXR106678	H2	s_0568[c]: changed metFormula C6H13O9P to C6H11O9P to balance equation | changed metCharges 0 to -2 to balance equation	[]	[]	[]	[]
s_0412[c]	C6H14NO8P	C6H13NO8P	0	-1	MNXM162238	r_0477; r_0760	MNXR95248	H1	s_0412[c]: changed metFormula C6H14NO8P to C6H13NO8P to balance equation | changed metCharges 0 to -1 to balance equation	[]	[]	[]	[]
s_0747[c]	C5H9N2O2R	C5H10N2O2R	0	1	MNXM89810	r_0478	MNXR100257	[]	s_0747[c]: changed metFormula C5H9N2O2R to C5H10N2O2R to balance equation | changed metCharges 0 to 1 to balance equation	[]	[]	[]	| Reference to BioCycID GLUTAMINE--TRNA-LIGASE-RXN
s_1590[c]	R	RH	[]	0	MNXM71	r_0478	MNXR100257	[]	s_1590[c]: changed metFormula R to RH to balance equation | changed metCharges [] to 0 to balance equation	[]	[]	[]	| Reference to BioCycID GLUTAMINE--TRNA-LIGASE-RXN
s_0748[c]	C5H7NO3R	C5H8NO3R	0	[]	MNXM89752	r_0479; r_0480	MNXR100295	[]	s_0748[c]: changed C5H7NO3R to C5H8NO3R to balance equation	[]	[]	[]	| Reference to BioCycID GLURS-RXN
s_1591[c]	R	RH	0	[]	MNXM90886	r_0479; r_0480	MNXR100295	[]	s_1591[c]: changed R to RH to balance equation	[]	[]	[]	| Reference to BioCycID GLURS-RXN
s_1487[c]	C19H23N7O6	C19H21N7O6	0	-2	MNXM79	r_0502	MNXR100142	H2	s_1487[c]: changed metFormula C19H23N7O6 to C19H21N7O6 to balance equation | changed metCharges 0 to -2 to balance equation	[]	[]	[]	[]
s_1409[m]	C9H20N2OS2	C9H21N2OS2	0	1	MNXM81220	r_0504	MNXR100065	H1	s_1409[m]: changed metFormula C9H20N2OS2 to C9H21N2OS2 to balance equation | changed metCharges 0 to 1 to balance equation	| based on metFormula in MNXM81220	[]	[]	[]
s_1098[m]	C12H18N2O4S2R2	C8H14NOS2R	0	[]	MNXM998	r_0506; r_0508	MNXR100067	C4N2O3H6R1	s_1098[m]: changed C12H18N2O4S2R2 to C8H14NOS2R to balance equation	| based on metFormula in C02051	[]	[]	[]
s_1410[m]	C9H18NOS2R	C9H19N2OS2R	0	[]	MNXM81221	r_0506	MNXR100067	C4N2O3H6R1	s_1410[m]: changed C9H18NOS2R to C9H19N2OS2R to balance equation	| based on metFormula in C01242	[]	[]	[]
s_0628[m]	C8H15OS2R	C8H16NOS2R	0	[]	MNXM1663	r_0508	MNXR100069	C-4N-2O-3H-5R-1	s_0628[m]: changed C8H15OS2R to C8H16NOS2R to balance equation	| based on metFormula in MNXM1663	[]	[]	[]
s_0757[c]	C2H4NOR	C2H5NOR	0	1	MNXM89763	r_0512	MNXR100365	[]	s_0757[c]: changed metFormula C2H4NOR to C2H5NOR to balance equation | changed metCharges 0 to 1 to balance equation	[]	[]	[]	| Reference to BioCycID GLYCINE--TRNA-LIGASE-RXN
s_1593[c]	R	RH	[]	0	MNXM90340	r_0512	MNXR100365	[]	s_1593[c]: changed R to RH to balance equation	[]	[]	[]	| Reference to BioCycID GLYCINE--TRNA-LIGASE-RXN
s_0331[er]	C19H29NO18PR2	C19H30NO18PR2	-1	0	MNXM999	r_0518	MNXR95257	H-1	s_0331[er]: changed metFormula C19H29NO18PR2 to C19H30NO18PR2 to balance equation | changed metCharges -1 to 0 to balance equation	| based on metFormula in C01288 and CHEBI:15935	[]	[]	[]
s_0812[m]	C49H58FeN4O5	C49H56FeN4O5	0	-2	MNXM1278	r_0530	MNXR100595	H1	s_0812[m]: changed metFormula C49H58FeN4O5 to C49H56FeN4O5 to balance equation | changed metCharges 0 to -2 to balance equation	| based on metFormula in MNXM1278	[]	[]	[]
s_0811[m]	C49H56FeN4O6	C49H55FeN4O6	0	-3	MNXM53309	r_0530	MNXR100595	H1	s_0811[m]: changed metFormula C49H56FeN4O6 to C49H55FeN4O6 to balance equation | changed metCharges 0 to -3 to balance equation	| based on metFormula in bigg:hemeA (linked to MNXM53309 as external resource)	[]	[]	[]
s_0832[c]	C6H8N3OR	C6H9N3OR	0	1	MNXM89831	r_0539; r_0540	MNXR100643	[]	s_0832[c]: changed metFormula C6H8N3OR to C6H9N3OR to balance equation | changed metCharges 0 to 1 to balance equation	[]	[]	[]	| Reference to BioCycID HISTIDINE--TRNA-LIGASE-RXN
s_1594[c]	R	RH	0	[]	MNXM90878	r_0539; r_0540	MNXR100643	[]	s_1594[c]: changed R to RH to balance equation	[]	[]	[]	| Reference to BioCycID HISTIDINE--TRNA-LIGASE-RXN
s_0831[m]	C30H52O7P2	C30H49O7P2	0	-3	MNXM1067	r_0555	MNXR100569	H3	s_0831[m]: changed metFormula C30H52O7P2 to C30H49O7P2 to balance equation | changed metCharges 0 to -3 to balance equation	| based on metFormula in MNXM1067	[]	[]	[]
s_0218[c]	C27H44N7O20P3S	C27H39N7O20P3S	0	-5	MNXM36493	r_0558	MNXR107304	H5	s_0218[c]: changed metFormula C27H44N7O20P3S to C27H39N7O20P3S to balance equation | changed metCharges 0 to -5 to balance equation	[]	[]	[]	[]
s_0218[c]	C27H44N7O20P3S	C27H39N7O20P3S	0	-5	MNXM36493	r_0559; r_1840	MNXR107257	H-5	s_0218[c]: changed metFormula C27H44N7O20P3S to C27H39N7O20P3S to balance equation | changed metCharges 0 to -5 to balance equation	[]	[]	[]	[]
s_0221[m]	C27H44N7O20P3S	C27H39N7O20P3S	0	-5	MNXM36493	r_0560	MNXR107257	H-5	s_0221[m]: changed metFormula C27H44N7O20P3S to C27H39N7O20P3S to balance equation | changed metCharges 0 to -5 to balance equation	[]	[]	[]	[]
s_1111[er]	C12H21O14P	C12H23O14P	-2	0	MNXM61129	r_0599	[]	H2	s_1111[er]: changed metFormula C12H21O14P to C12H23O14P to balance equation | changed metCharges -2 to 0 to balance equation	"| metFormula in MNX database (C12H21O14P) with metCharge -2 is a conjugate base of mannose-1D-myo-inositol 1-phosphate (1-16:0, 2-18:1)(C12H23O14P)"	[]	| Changes based on metFormula in CHEBI:60448	[]
s_0847[c]	C6H12NOR	C6H13NOR	0	1	MNXM89832	r_0665; r_0666	MNXR100820	[]	s_0847[c]: changed metFormula C6H12NOR to C6H13NOR to balance equation | changed metCharges 0 to 1 to balance equation	[]	[]	[]	| Reference to BioCycID ISOLEUCINE--TRNA-LIGASE-RXN
s_1596[c]	R	RH	0	[]	MNXM90879	r_0665; r_0666	MNXR100820	[]	s_1596[c]: changed R to RH to balance equation	[]	[]	[]	| Reference to BioCycID ISOLEUCINE--TRNA-LIGASE-RXN
s_0678[m]	C5H9NO5	C5H8NO5	0	-1	MNXM923	r_0672	MNXR102616	H-1	s_0678[m]: changed metFormula C5H9NO5 to C5H8NO5 to balance equation | changed metCharges 0 to -1 to balance equation	[]	[]	[]	[]
s_0960[c]	C3H4NO3	C3H5NO3	-1	0	MNXM2124	r_0690	MNXR101242	H1	s_0960[c]: changed metFormula C3H4NO3 to C3H5NO3 to balance equation | changed metCharges -1 to 0 to balance equation	| based on metFormula in MNXM2124	[]	[]	[]
s_1196[c]	C10H11NO4	C10H10NO4	0	-1	MNXM63755	r_0695	MNXR104994	H-1	s_1196[c]: changed metFormula C10H11NO4 to C10H10NO4 to balance equation | changed metCharges 0 to -1 to balance equation	[]	[]	[]	[]
s_1077[c]	C6H12NOR	C6H13NOR	0	1	MNXM697	r_0701; r_0702	MNXR101053	[]	s_1077[c]: changed metFormula C6H12NOR to C6H13NOR to balance equation | changed metCharges 0 to 1 to balance equation	[]	[]	[]	| Reference to BioCycID LEUCINE--TRNA-LIGASE-RXN
s_1598[c]	R	RH	0	[]	MNXM90880	r_0701; r_0702	MNXR101053	[]	s_1598[c]: changed R to RH to balance equation	[]	[]	[]	| Reference to BioCycID LEUCINE--TRNA-LIGASE-RXN
s_0013[c]	C20H32O4	C20H31O4	0	-1	MNXM31306	r_0703; r_0704	[]	H-1	s_0013[c]: changed metFormula C20H32O4 to C20H31O4 to balance equation | changed metCharges 0 to -1 to balance equation	| based on metFormula in MNXM31306	[]	[]	[]
s_0608[c]	C20H32O4	C20H31O4	0	-1	MNXM507621	r_0705; r_0706	[]	H-1	s_0608[c]: changed metFormula C20H32O4 to C20H31O4 to balance equation | changed metCharges 0 to -1 to balance equation	| based on metFormula in MNXM507621	[]	[]	[]
s_1099[c]	C6H14N2OR	C6H15N2OR	0	2	MNXM89922	r_0711; r_0712	MNXR101264		s_1099[c]: changed metFormula C6H14N2OR to C6H15N2OR to balance equation | changed metCharges 0 to 2 to balance equation	[]	[]	[]	| Reference to BioCycID LYSINE--TRNA-LIGASE-RXN
s_1600[c]	R	RH	0	[]	MNXM90881	r_0711; r_0712	MNXR101264		s_1600[c]: changed R to RH to balance equation	[]	[]	[]	| Reference to BioCycID LYSINE--TRNA-LIGASE-RXN
s_0785[c]	C10H13N5O14P3	C10H12N5O14P3	-3	-4	MNXM51	r_0722	MNXR101375	H1	s_0785[c]: changed metFormula C10H13N5O14P3 to C10H12N5O14P3 to balance equation | changed metCharges -3 to -4 to balance equation	[]	[]	[]	[]
s_0574[c]	C6H13O9P	C6H11O9P	0	-2	MNXM427	r_0723	MNXR106679	H2	s_0574[c]: changed metFormula C6H13O9P to C6H11O9P to balance equation | changed metCharges 0 to -2 to balance equation	[]	[]	[]	[]
s_1488[m]	C19H23N7O6	C19H21N7O6	0	-2	MNXM79	r_0728	MNXR124973	H-3	s_1488[m]: changed metFormula C19H23N7O6 to C19H21N7O6 to balance equation | changed metCharges 0 to -2 to balance equation	[]	[]	[]	[]
s_1148[c]	C5H10NOSR	C5H11NOSR	0	1	MNXM90636	r_0729; r_0730	MNXR101488		s_1148[c]: changed metFormula C5H10NOSR to C5H11NOSR to balance equation | changed metCharges 0 to 1 to balance equation	[]	[]	[]	| Reference to BioCycID METHIONINE--TRNA-LIGASE-RXN/RXN-16165
s_1602[c]	R	RH	0	[]	MNXM90882	r_0729; r_0730	MNXR101488		s_1602[c]: changed R to RH to balance equation	[]	[]	[]	| Reference to BioCycID METHIONINE--TRNA-LIGASE-RXN/RXN-16165
s_1185[c]	C20H20N2O8	C20H22N2O8	0	-2	MNXM147516	r_0763	MNXR101947	H2	s_1185[c]: changed metFormula C20H20N2O8 to C20H22N2O8 to balance equation | changed metCharges 0 to -2 to balance equation	[]	[]	[]	[]
s_0591[c]	C21H27N6O15P2	C21H24N6O15P2	1	-2	MNXM309	r_0768	MNXR97678	H3	s_0591[c]: changed metFormula C21H27N6O15P2 to C21H24N6O15P2 to balance equation | changed metCharges 1 to -2 to balance equation	| based on metFormula in MNXM309	[]	[]	[]
s_0593[n]	C21H27N6O15P2	C21H24N6O15P2	1	-2	MNXM309	r_0769	MNXR97678	H3	s_0593[n]: changed metFormula C21H27N6O15P2 to C21H24N6O15P2 to balance equation | changed metCharges 1 to -2 to balance equation	| based on metFormula in MNXM309	[]	[]	[]
s_0617[c]	C10H13N5O13P3	C10H12N5O13P3	-3	-4	MNXM344	r_0798	MNXR96118	H-1	s_0617[c]: changed metFormula C10H13N5O13P3 to C10H12N5O13P3 to balance equation | changed metCharges -3 to -4 to balance equation	| based on metFormula in MNXM344	[]	[]	[]
s_0650[c]	C10H14N2O14P3	C10H13N2O14P3	-3	-4	MNXM394	r_0799	MNXR101937	H-1	s_0650[c]: changed C10H14N2O14P3 to C10H13N2O14P3 to balance equation	| based on metFormula in MNXM394	[]	[]	[]
s_0618[c]	C10H14N4O10P2	C10H11N4O10P2	0	-3	MNXM2174	r_0802	MNXR101934	H3	s_0618[c]: changed metFormula C10H14N4O10P2 to C10H11N4O10P2 to balance equation | changed metCharges 0 to -3 to balance equation	| based on metFormula in MNXM2174	[]	[]	[]
s_1411[m]	C12H21NO4S2	C12H20NO4S2	0	-1	MNXM3710	r_0831	MNXR95656	H1	s_1411[m]: changed metFormula C12H21NO4S2 to C12H20NO4S2 to balance equation | changed metCharges 0 to -1 to balance equation	| based on metFormula in MNXM3710	[]	[]	[]
s_0017[c]	C9H18NO8P	C9H15NO8P	0	-3	MNXM415	r_0842	MNXR103050	H-3	s_0017[c]: changed metFormula C9H18NO8P to C9H15NO8P to balance equation | changed metCharges 0 to -3 to balance equation	| based on metFormula in MNXM415	[]	[]	[]
s_1314[c]	C9H10NOR	C9H11NOR	0	1	MNXM89802	r_0852; r_0853	MNXR102634	[]	s_1314[c]: changed metFormula C9H10NOR to C9H11NOR to balance equation | changed metCharges 0 to 1 to balance equation	[]	[]	[]	| Reference to BioCycID PHENYLALANINE--TRNA-LIGASE-RXN
s_1604[c]	R	RH	0	[]	MNXM90753	r_0852; r_0853	MNXR102634	[]	s_1604[c]: changed R to RH to balance equation	[]	[]	[]	| Reference to BioCycID PHENYLALANINE--TRNA-LIGASE-RXN
s_1189[c]	C8H16NO9P	C8H14NO9P	0	-2	MNXM340	r_0882	MNXR111765	H-2	s_1189[c]: changed metFormula C8H16NO9P to C8H14NO9P to balance equation | changed metCharges 0 to -2 to balance equation	| based on metFormula in MNXM340	[]	[]	[]
s_0555[c]	C6H14O12P2	C6H10O12P2	0	-4	MNXM500	r_0886	MNXR106666	H-4	s_0555[c]: changed metFormula C6H14O12P2 to C6H10O12P2 to balance equation | changed metCharges 0 to -4 to balance equation	[]	[]	[]	[]
s_0412[c]	C6H14NO8P	C6H13NO8P	0	-1	MNXM162238	r_0890	MNXR102526	H-1	s_0412[c]: changed metFormula C6H14NO8P to C6H13NO8P to balance equation | changed metCharges 0 to -1 to balance equation	[]	[]	[]	[]
s_0573[c]	C6H13O9P	C6H11O9P	0	-2	MNXM721	r_0902	MNXR101729	H2	s_0573[c]: changed metFormula C6H13O9P to C6H11O9P to balance equation | changed metCharges 0 to -2 to balance equation	[]	[]	[]	[]
s_1408[c]	C5H11O8P	C5H9O8P	0	-2	MNXM15900	r_0907	MNXR103115	H-2	s_1408[c]: changed metFormula C5H11O8P to C5H9O8P to balance equation | changed metCharges 0 to -2 to balance equation	| based on metFormula in MNXM15900	[]	[]	[]
s_1364[c]	C9H11N3O9P	C9H12N3O9P	-3	-2	MNXM507	r_0911	MNXR108735	H2	s_1364[c]: changed metFormula C9H11N3O9P to C9H12N3O9P to balance equation | changed metCharges -3 to -2 to balance equation	[]	[]	[]	[]
s_1366[er]	C18H39NO3	C18H40NO3	0	1	MNXM914	r_0920; r_0922	MNXR110323	O1H1	s_1366[er]: changed metFormula C18H39NO3 to C18H40NO3 to balance equation | changed metCharges 0 to 1 to balance equation	[]	[]	[]	[]
s_1379[c]	C5H8NOR	C5H9NOR	0	1	MNXM247	r_0941	MNXR103208	[]	s_1379[c]: changed C5H8NOR to C5H9NOR to balance equation	[]	[]	[]	| Reference to BioCycID PROLINE--TRNA-LIGASE-RXN
s_1606[c]	R	RH	[]	0	MNXM90667	r_0941	MNXR103208	[]	s_1606[c]: changed metFormula R to RH to balance equation | changed metCharges [] to 0 to balance equation	[]	[]	[]	| Reference to BioCycID PROLINE--TRNA-LIGASE-RXN
s_0590[c]	C9H13N3O13P3	C9H12N3O13P3	-3	-4	MNXM360	r_0971	MNXR104076	N-1H-2R-2	s_0590[c]: changed metFormula C9H13N3O13P3 to C9H12N3O13P3 to balance equation | changed metCharges -3 to -4 to balance equation	[]	[]	[]	[]
s_1616[c]	C6H9NO2S2R2	C6H10N2O2S2R2	0	0	MNXM96993	r_0971; r_0972; r_0973; r_0974; r_0976; r_0978; r_1038; r_4186; r_4202; r_0975	MNXR104070	N-1H-1R-2	s_1616[c]: changed metFormula C6H9NO2S2R2 to C6H10N2O2S2R2 to balance equation | changed metCharges 0 to 0 to balance equation	[]	[]	[]	[]
s_1620[c]	C6H8N2O2S2R4	C6H9N2O2S2R4	0	1	MNXM148	r_0971; r_0972; r_0973; r_0974; r_0976; r_0978; r_1038; r_4186; r_4202; r_0975	MNXR104070	N-1H-1R-2	s_1620[c]: changed metFormula C6H8N2O2S2R4 to C6H9N2O2S2R4 to balance equation | changed metCharges 0 to 1 to balance equation	[]	[]	[]	[]
s_0656[c]	C9H12N2O14P3	C9H11N2O14P3	-3	-4	MNXM452	r_0973	MNXR104079	N-1H-2R-2	s_0656[c]: changed metFormula C9H12N2O14P3 to C9H11N2O14P3 to balance equation | changed metCharges -3 to -4 to balance equation	[]	[]	[]	[]
s_1618[n]	C6H9NO2S2R2	C6H10N2O2S2R2	0	[]	MNXM96993	r_0975; r_0977; r_0979	MNXR104060	N-1H-1R-2	s_1618[n]: changed C6H9NO2S2R2 to C6H10N2O2S2R2 to balance equation	[]	[]	[]	[]
s_1622[n]	C6H8N2O2S2R4	C6H9N2O2S2R4	0	1	MNXM148	r_0975; r_0977; r_0979	MNXR104060	N-1H-1R-2	s_1622[n]: changed metFormula C6H8N2O2S2R4 to C6H9N2O2S2R4 to balance equation | changed metCharges 0 to 1 to balance equation	[]	[]	[]	[]
s_1428[c]	C3H6NO2R	C3H7NO2R	0	1	MNXM165150	r_0995	MNXR104350	[]	s_1428[c]: changed metFormula C3H6NO2R to C3H7NO2R to balance equation | changed metCharges 0 to 1 to balance equation	[]	[]	[]	| Reference to BioCycID SERINE--TRNA-LIGASE-RXN
s_1607[c]	R	RH	[]	0	MNXM91028	r_0995	MNXR104350	[]	s_1607[c]: changed metFormula R to RH to balance equation | changed metCharges [] to 0 to balance equation	[]	[]	[]	| Reference to BioCycID SERINE--TRNA-LIGASE-RXN
s_1367[er]	C18H40NO6P	C18H39NO6P	0	-1	MNXM3337	r_1004; r_1006	MNXR104281	H1	s_1367[er]: changed metFormula C18H40NO6P to C18H39NO6P to balance equation | changed metCharges 0 to -1 to balance equation	[]	[]	[]	[]
s_1469[c]	HO3S	O3S	-1	-2	MNXM105630	r_1027	MNXR104650	H1	s_1469[c]: changed metFormula HO3S to O3S to balance equation | changed metCharges -1 to -2 to balance equation	| based on metFormula in MNXM105630	[]	[]	[]
s_0308[c]	C24H30N8O9	C24H27N8O9	0	-3	MNXM723480	r_1031	MNXR143412	H-1	s_0308[c]: changed metFormula C24H30N8O9 to C24H27N8O9 to balance equation | changed metCharges 0 to -3 to balance equation	[]	[]	[]	[]
s_1476[e]	C12H18N4O7P2S	C12H16N4O7P2S	0	-2	MNXM256	r_1032	MNXR138860	H2	s_1476[e]: changed metFormula C12H18N4O7P2S to C12H16N4O7P2S to balance equation | changed metCharges 0 to -2 to balance equation	| based on metFormula in MNXM256	[]	[]	[]
s_1498[e]	C12H18N4O4PS	C12H16N4O4PS	1	-1	MNXM662	r_1033	MNXR104823	H2	s_1498[e]: changed metFormula C12H18N4O4PS to C12H16N4O4PS to balance equation | changed metCharges 1 to -1 to balance equation	| based on metFormula in MNXM662	[]	[]	[]
s_1475[c]	C12H18N4O7P2S	C12H16N4O7P2S	0	-2	MNXM256	r_1034	MNXR104886	H-2	s_1475[c]: changed metFormula C12H18N4O7P2S to C12H16N4O7P2S to balance equation | changed metCharges 0 to -2 to balance equation	| based on metFormula in MNXM256	[]	[]	[]
s_1497[c]	C12H18N4O4PS	C12H16N4O4PS	1	-1	MNXM662	r_1036	MNXR104908	H-2	s_1497[c]: changed metFormula C12H18N4O4PS to C12H16N4O4PS to balance equation | changed metCharges 1 to -1 to balance equation	| based on metFormula in MNXM662	[]	[]	[]
s_1617[m]	C6H9NO2S2R2	C6H10N2O2S2R2	0	0	MNXM96993	r_1039	MNXR104766	N1H1R2	s_1617[m]: changed metFormula C6H9NO2S2R2 to C6H10N2O2S2R2 to balance equation | changed metCharges 0 to 0 to balance equation	[]	[]	[]	[]
s_1621[m]	C6H8N2O2S2R4	C6H9N2O2S2R4	0	1	MNXM148	r_1039	MNXR104766	N1H1R2	s_1621[m]: changed metFormula C6H8N2O2S2R4 to C6H9N2O2S2R4 to balance equation | changed metCharges 0 to 1 to balance equation	[]	[]	[]	[]
s_1491[c]	C4H8NO2R	C4H9NO2R	0	1	MNXM89895	r_1042; r_1043	MNXR104848	[]	s_1491[c]: changed metFormula C4H8NO2R to C4H9NO2R to balance equation | changed metCharges 0 to 1 to balance equation	[]	[]	[]	| Reference to BioCycID THREONINE--TRNA-LIGASE-RXN
s_1608[c]	R	RH	0	[]	MNXM90883	r_1042; r_1043	MNXR104848	[]	| s_1469[c]: changed HO3S to O3S to balance equation	[]	[]	[]	| Reference to BioCycID THREONINE--TRNA-LIGASE-RXN
s_0649[c]	C10H15N2O8P	C10H13N2O8P	0	-2	MNXM257	r_1045	MNXR104889	H-2	s_0649[c]: changed metFormula C10H15N2O8P to C10H13N2O8P to balance equation | changed metCharges 0 to -2 to balance equation	[]	[]	[]	[]
s_1527[c]	C11H11N2OR	C11H12N2OR	0	1	MNXM89804	r_1057; r_1058	MNXR104948	[]	s_1527[c]: changed metFormula C11H11N2OR to C11H12N2OR to balance equation | changed metCharges 0 to 1 to balance equation	[]	[]	[]	| Reference to BioCycID TRYPTOPHAN--TRNA-LIGASE-RXN
s_1610[c]	R	RH	0	[]	MNXM90755	r_1057; r_1058	MNXR104948	[]	s_1610[c]: changed R to RH to balance equation	[]	[]	[]	| Reference to BioCycID TRYPTOPHAN--TRNA-LIGASE-RXN
s_1533[c]	C9H10NO2R	C9H11NO2R	0	1	MNXM89822	r_1066; r_1067	MNXR105001	[]	s_1533[c]: changed metFormula C9H10NO2R to C9H11NO2R to balance equation | changed metCharges 0 to 1 to balance equation	[]	[]	[]	| Reference to BioCycID TYROSINE--TRNA-LIGASE-RXN
s_1612[c]	R	RH	0	[]	MNXM90668	r_1066; r_1067	MNXR105001	[]	s_1612[c]: changed R to RH to balance equation	[]	[]	[]	| Reference to BioCycID TYROSINE--TRNA-LIGASE-RXN
s_1561[c]	C5H10NOR	C5H11NOR	0	1	MNXM90110	r_1089; r_1090	MNXR105186	[]	s_1561[c]: changed metFormula C5H10NOR to C5H11NOR to balance equation | changed metCharges 0 to 1 to balance equation	[]	[]	[]	| Reference to BioCycID VALINE--TRNA-LIGASE-RXN
s_1614[c]	R	RH	0	[]	MNXM90885	r_1089; r_1090	MNXR105186	[]	s_1614[c]: changed R to RH to balance equation	[]	[]	[]	| Reference to BioCycID VALINE--TRNA-LIGASE-RXN
s_2763[c]	C10H7NO3	C10H6NO3	0	-1	MNXM1113	r_2112	MNXR132503	O1H1	s_2763[c]: changed metFormula C10H7NO3 to C10H6NO3 to balance equation | changed metCharges 0 to -1 to balance equation	| based on metFormula in MNXM1113	[]	[]	[]
s_2764[c]	C10H7NO2	[]	0	-1	MNXM4797	r_2113	[]		s_2764[c]: changed metFormula C10H7NO2 to [] to balance equation | changed metCharges 0 to -1 to balance equation	[]	[]	[]	[]
s_2777[m]	C18H35O2S	C8H15O2S	0	[]	MNXM10033	r_2147; r_2150	MNXR137225	C-10H-20R1	s_2777[m]: changed C18H35O2S to C8H15O2S to balance equation	| based on metFormula in seed:cpd16857 (linked to MNXM10033)	[]	[]	[]
s_2792[erm]	C41H72N7O18P3S	C41H68N7O18P3S	0	-4	MNXM36762	r_2157	MNXR103450	H-4	s_2792[erm]: changed metFormula C41H72N7O18P3S to C41H68N7O18P3S to balance equation | changed metCharges 0 to -4 to balance equation	| based on metFormula in MNXM36762	[]	[]	[]
s_2795[erm]	C43H78N7O17P3S	C43H74N7O17P3S	0	-4	MNXM10780	r_2159	[]	H4	s_2795[erm]: changed metFormula C43H78N7O17P3S to C43H74N7O17P3S to balance equation | changed metCharges 0 to -4 to balance equation	| based on metFormula in MNXM10780	[]	[]	[]
s_2801[erm]	C35H62N7O18P3S	C35H58N7O18P3S	0	-4	MNXM767	r_2161	[]	H-4	s_2801[erm]: changed metFormula C35H62N7O18P3S to C35H58N7O18P3S to balance equation | changed metCharges 0 to -4 to balance equation	| based on metFormula in MNXM767	[]	[]	[]
s_2802[erm]	C37H66N7O18P3S	C37H62N7O18P3S	0	-4	MNXM825	r_2162	[]	H-4	s_2802[erm]: changed metFormula C37H66N7O18P3S to C37H62N7O18P3S to balance equation | changed metCharges 0 to -4 to balance equation	| based on metFormula in MNXM825	[]	[]	[]
s_2803[erm]	C39H70N7O18P3S	C39H66N7O18P3S	0	-4	MNXM1309	r_2163	MNXR103465	H-4	s_2803[erm]: changed metFormula C39H70N7O18P3S to C39H66N7O18P3S to balance equation | changed metCharges 0 to -4 to balance equation	| based on metFormula in MNXM1309	[]	[]	[]
s_2804[erm]	C41H74N7O18P3S	C41H70N7O18P3S	0	-4	MNXM146349	r_2164	MNXR103451	H-4	s_2804[erm]: changed metFormula C41H74N7O18P3S to C41H70N7O18P3S to balance equation | changed metCharges 0 to -4 to balance equation	| based on metFormula in MNXM146349	[]	[]	[]
s_2810[erm]	C37H64N7O17P3S	C37H60N7O17P3S	0	-4	MNXM581	r_2169; r_2176	[]	H-4	s_2810[erm]: changed metFormula C37H64N7O17P3S to C37H60N7O17P3S to balance equation | changed metCharges 0 to -4 to balance equation	| based on metFormula in MNXM581	[]	[]	[]
s_2813[erm]	C33H56N7O17P3S	C43H72N7O17P3S	0	-4	MNXM97615	r_2172; r_2179; r_2240; r_2258	[]	C10H16	s_2813[erm]: changed metFormula C33H56N7O17P3S to C43H72N7O17P3S to balance equation | changed metCharges 0 to -4 to balance equation	| based on metFormula in MNXM97615	[]	[]	[]
s_2805[erm]	C43H78N7O18P3S	C43H74N7O18P3S	0	-4	MNXM162568	r_2172; r_2258	[]	C10H16	s_2805[erm]: changed metFormula C43H78N7O18P3S to C43H74N7O18P3S to balance equation | changed metCharges 0 to -4 to balance equation	| based on metFormula in MNXM162568	[]	[]	[]
s_2806[erm]	C45H82N7O18P3S	C45H78N7O18P3S	0	-4	MNXM36558	r_2173	MNXR118009	H4	s_2806[erm]: changed metFormula C45H82N7O18P3S to C45H78N7O18P3S to balance equation | changed metCharges 0 to -4 to balance equation	[]	[]	[]	[]
s_2807[erm]	C47H86N7O18P3S	C47H82N7O18P3S	0	-4	MNXM31741	r_2174; r_2253 (s_0045[p])	[]	H-4	s_2807[erm]: changed metFormula C47H86N7O18P3S to C47H82N7O18P3S to balance equation | changed metCharges 0 to -4 to balance equation	[]	[]	[]	[]
s_2812[erm]	C41H72N7O17P3S	C41H68N7O17P3S	0	-4	MNXM22115	r_2178; r_2239	[]	H4	s_2812[erm]: changed metFormula C41H72N7O17P3S to C41H68N7O17P3S to balance equation | changed metCharges 0 to -4 to balance equation	| based on metFormula in MNXM22115	[]	[]	[]
s_2861[ce]	C41H74N7O17P3S	C41H70N7O17P3S	0	-4	MNXM1429	r_2209	[]	H-4	s_2861[ce]: changed metFormula C41H74N7O17P3S to C41H70N7O17P3S to balance equation | changed metCharges 0 to -4 to balance equation	| based on metFormula in MNXM1429	[]	[]	[]
s_2863[ce]	C43H78N7O17P3S	C43H74N7O17P3S	0	-4	MNXM10780	r_2210	[]	H-4	s_2863[ce]: changed metFormula C43H78N7O17P3S to C43H74N7O17P3S to balance equation | changed metCharges 0 to -4 to balance equation	| based on metFormula in MNXM10780	[]	[]	[]
s_2872[lp]	C43H78N7O17P3S	C43H74N7O17P3S	0	-4	MNXM10780	r_2216	[]	H-4	s_2872[lp]: changed metFormula C43H78N7O17P3S to C43H74N7O17P3S to balance equation | changed metCharges 0 to -4 to balance equation	| based on metFormula in MNXM10780	[]	[]	[]
s_2888[p]	C29H48N7O17P3S	C29H44N7O17P3S	0	-4	MNXM784	r_2238	[]	H-4	s_2888[p]: changed metFormula C29H48N7O17P3S to C29H44N7O17P3S to balance equation | changed metCharges 0 to -4 to balance equation	| based on metFormula in MNXM784	[]	[]	[]
s_2881[p]	C43H78N7O17P3S	C43H74N7O17P3S	0	-4	MNXM10780	r_2240	[]	C10H20	s_2881[p]: changed metFormula C43H78N7O17P3S to C43H74N7O17P3S to balance equation | changed metCharges 0 to -4 to balance equation	| based on metFormula in MNXM10780	[]	[]	[]
s_2891[p]	C45H80N7O17P3S	C45H76N7O17P3S	0	-4	MNXM97616	r_2241; r_2180 (s_2814[erm])	MNXR127548	H-4	s_2891[p]: changed metFormula C45H80N7O17P3S to C45H76N7O17P3S to balance equation | changed metCharges 0 to -4 to balance equation	[]	[]	[]	[]
s_2896[p]	C35H54N7O17P3S	C33H54N7O17P3S	0	[]	[]	r_2244	[]	C2	"| trans-2,cis-5-dodecadienoyl-CoA, with 2 C=C double bonds in dienoyl-CoA, should only have 2 less H atoms as compared to cis-dodec-5-enoyl-CoA, with 1 C=C double bond in enoyl-CoA"	[]	[]	"| metFormula deduced with reference to ChEBIID CHEBI:139121 ((3E,5Z)-dodecadienoyl-CoA)"	[]
s_2897[p]	C39H66N7O17P3S	C39H62N7O17P3S	0	-4	MNXM638	r_2245	[]	H-4	s_2897[p]: changed metFormula C39H66N7O17P3S to C39H62N7O17P3S to balance equation | changed metCharges 0 to -4 to balance equation	| based on metFormula in MNXM638	[]	[]	[]
s_0042[p]	C31H54N7O18P3S	C31H50N7O18P3S	0	-4	MNXM674	r_2248	MNXR97889	H-4	s_0042[p]: changed metFormula C31H54N7O18P3S to C31H50N7O18P3S to balance equation | changed metCharges 0 to -4 to balance equation	| based on metFormula in MNXM674	[]	[]	[]
s_0048[p]	C33H58N7O18P3S	C33H54N7O18P3S	0	-4	MNXM733	r_2249	MNXR97890	H-4	s_0048[p]: changed metFormula C33H58N7O18P3S to C33H54N7O18P3S to balance equation | changed metCharges 0 to -4 to balance equation	| based on metFormula in MNXM733	[]	[]	[]
s_0051[p]	C37H66N7O18P3S	C37H62N7O18P3S	0	-4	MNXM825	r_2251	MNXR97892	H-4	s_0051[p]: changed metFormula C37H66N7O18P3S to C37H62N7O18P3S to balance equation | changed metCharges 0 to -4 to balance equation	| based on metFormula in MNXM825	[]	[]	[]
s_0229[p]	C39H70N7O18P3S	C39H66N7O18P3S	0	-4	MNXM1309	r_2252	MNXR103466	H-4	s_0229[p]: changed metFormula C39H70N7O18P3S to C39H66N7O18P3S to balance equation | changed metCharges 0 to -4 to balance equation	| based on metFormula in MNXM1309	[]	[]	[]
s_2887[p]	C27H40N7O17P3S	C27H44N7O17P3S	-4	0	MNXM753	r_2255	[]	H-4	s_2887[p]: changed metFormula C27H40N7O17P3S to C27H44N7O17P3S to balance equation | changed metCharges -4 to 0 to balance equation	| metFormula in MNX database (C27H40N7O17P3S) with metCharge -4 is a conjugate base of trans-hex-2-enoyl-CoA (C27H44N7O17P3S)	[]	| Verified via reference to ChEBIID CHEBI:28706	[]
s_2907[p]	C45H82N7O18P3S	C45H78N7O18P3S	0	-4	MNXM36558	r_2259	MNXR118009	H-4	s_2907[p]: changed metFormula C45H82N7O18P3S to C45H78N7O18P3S to balance equation | changed metCharges 0 to -4 to balance equation	[]	[]	[]	[]
s_2892[p]	C37H58N7O17P3S	C37H62N7O17P3S	-4	0	MNXM10467	r_2260	[]	C-2H-8	s_2892[p]: changed metFormula C37H58N7O17P3S to C37H62N7O17P3S to balance equation | changed metCharges -4 to 0 to balance equation	"| metFormula in MNX database (C37H58N7O17P3S) with metCharge -4 is a conjugate base of trans-2,cis-9-hexadecadienoyl-CoA (C37H62N7O17P3S)"	[]	| Verified via reference to ChEBIID CHEBI:78178	[]
s_2908[p]	C39H68N7O18P3S	C37H64N7O18P3S	0	[]	[]	r_2260; r_2277	[]	C2O1H2	"| 3-hydroxy, in IUPAC nomenclature, indicates an ""-OH"" functional group bonded to carbon-3 of the S-acyl group i.e. (R)-3-hydroxy-cis-hexadec-9-enoyl-CoA should have 2 more H atoms compared to 3-oxo-cis-hexadec-9-enoyl-CoA (C37H62N7O18P3S, which has an ""=O"" group bonded to the same numbered carbon)"	[]	[]	"| metFormula deduced with reference to ChEBIID CHEBI:88087 ((3S,7Z)-3-hydroxyhexadecenoyl-CoA, an isomer)"	[]
s_2911[p]	C39H68N7O18P3S	C39H64N7O18P3S	0	-4	MNXM149457	r_2263; r_2280	[]	H-4	s_2911[p]: changed metFormula C39H68N7O18P3S to C39H64N7O18P3S to balance equation | changed metCharges 0 to -4 to balance equation	| based on metFormula in MNXM149457	[]	[]	[]
s_2902[p]	C25H42N7O18P3S	C25H38N7O18P3S	0	-4	MNXM1058	r_2271	[]	H4	s_2902[p]: changed metFormula C25H42N7O18P3S to C25H38N7O18P3S to balance equation | changed metCharges 0 to -4 to balance equation	| based on metFormula in MNXM1058	[]	[]	[]
s_2905[p]	C41H74N7O18P3S	C41H70N7O18P3S	0	-4	MNXM36530	r_2274	[]	H4	s_2905[p]: changed metFormula C41H74N7O18P3S to C41H70N7O18P3S to balance equation | changed metCharges 0 to -4 to balance equation	| based on metFormula in MNXM36530	[]	[]	[]
s_2918[p]	C43H76N7O18P3S	C43H72N7O18P3S	0	-4	MNXM36756	r_2275	[]	H-4	s_2918[p]: changed metFormula C43H76N7O18P3S to C43H72N7O18P3S to balance equation | changed metCharges 0 to -4 to balance equation	| based on metFormula in MNXM36756	[]	[]	[]
s_2919[p]	C45H80N7O18P3S	C45H76N7O18P3S	0	-4	MNXM36773	r_2276	[]	H-4	s_2919[p]: changed metFormula C45H80N7O18P3S to C45H76N7O18P3S to balance equation | changed metCharges 0 to -4 to balance equation	[]	[]	[]	[]
s_2920[p]	C37H64N7O17P3S	C37H62N7O18P3S	0	[]	[]	r_2277; r_2289	[]	O-1H2	"| 3-oxo, in IUPAC nomenclature, indicates an ""=O"" group bonded to carbon-3 of the S-acyl group i.e. 3-oxo-cis-hexadec-9-enoyl-CoA should have -2C and 1O as compared to hexadecenoyl-CoA (C37H64N7O17P3S)"	[]	[]	"| metFormula deduced with reference to ChEBIID CHEBI:53152/CHEBI:24549 (hexadecenoyl-CoA) and CHEBI:88090 ((7Z)-3-oxohexadecenoyl-CoA, an isomer)"	[]
s_2909[p]	[]	C35H60N7O18P3S	0	[]	[]	r_2278	[]	no metFormula for (R)-3-hydroxy-cis-tetradec-7-enoyl-CoA	"| 3-hydroxy, in IUPAC nomenclature, indicates an ""-OH"" functional group bonded to carbon-3 of the S-acyl group i.e. (R)-3-hydroxy-cis-tetradec-7-enoyl-CoA should have 2 more H atoms compared to 3-oxo-cis-tetradec-7-enoyl-CoA (C35H58N7O18P3S, which has an ""=O"" group bonded to the same numbered carbon)"	[]	[]	[]	[]
s_2921[p]	C35H60N7O17P3S	C35H58N7O18P3S	0	[]	[]	r_2278; r_2290	[]	O-1H2	"| 3-oxo, in IUPAC nomenclature, indicates an ""=O"" group bonded to carbon-3 of the S-acyl group i.e. 3-oxo-cis-tetradec-7-enoyl-CoA should have -2C and 1O as compared to cis-tetradec-11-enoyl-CoA (C35H60N7O17P3S)"	[]	[]	"| metFormula deduced with reference to ChEBIID CHEBI:15461(cis-tetradec-11-enoyl-CoA) and CHEBI:88080 ((5Z)-3-oxotetradecenoyl-CoA, an isomer)"	[]
s_2910[p]	[]	C33H56N7O18P3S	0	[]	[]	r_2279	[]	no metFormula for (R)-3-hydroxy-cis-dodec-5-enoyl-CoA	"| 3-hydroxy, in IUPAC nomenclature, indicates an ""-OH"" functional group bonded to carbon-3 of the S-acyl group i.e. (R)-3-hydroxy-cis-dodec-5-enoyl-CoA should have 2 more H atoms compared to 3-oxo-cis-dodec-5-enoyl-CoA (C33H54N7O18P3S, which has an ""=O"" group bonded to the same numbered carbon)"	[]	[]	[]	[]
s_2922[p]	[]	C33H54N7O18P3S	0	[]	[]	r_2279; r_2291	[]	no metFormula for 3-oxo-cis-dodec-5-enoyl-CoA	"| 3-oxo, in IUPAC nomenclature, indicates an ""=O"" group bonded to carbon-3 of the S-acyl group i.e. 3-oxo-cis-dodec-5-enoyl-CoA should have -2C and 1O as compared to dodecenoyl-CoA and cis-dodec-3-enoyl-CoA (C33H56N7O17P3S)"	[]	[]	| metFormula deduced with reference to ChEBIID CHEBI:23869 (odecenoyl-CoA) and CHEBI:27989 (cis-dodec-3-enoyl-CoA)	[]
s_2911[p]	C39H64N7O18P3S	C39H68N7O18P3S	-4	0	MNXM149457	r_2280	[]	H-4	"| 3-hydroxy, in IUPAC nomenclature, indicates an ""-OH"" functional group bonded to carbon-3 of the S-acyl group i.e. (R)-3-hydroxy-cis-octadec-9-enoyl-CoA should have 2 more H atoms compared to 3-oxo-cis-octadec-9-enoyl-CoA (C39H66N7O18P3S, which has an ""=O"" group bonded to the same numbered carbon)"	| metFormula in MNX database (C39H64N7O18P3S) with metCharge -4 is a conjugate base of (R)-3-hydroxy-cis-octadec-9-enoyl-CoA (C39H68N7O18P3S)	[]	| Verified via reference to ChEBIID CHEBI:87781	[]
s_2917[p]	C41H72N7O18P3S	C41H68N7O18P3S	0	-4	MNXM36762	r_2286	[]	H4	| s_2917[p]: changed C41H72N7O18P3S to C41H68N7O18P3S to balance equation	| based on metFormula in MNXM36762	[]	[]	[]
s_2923[p]	C39H68N7O17P3S	C39H66N7O18P3S	0	[]	[]	r_2292	[]	O-1H2	"| 3-oxo, in IUPAC nomenclature, indicates an ""=O"" group bonded to carbon-3 of the S-acyl group i.e. 3-oxo-cis-octadec-9-enoyl-CoA should have -2C and 1O as compared to trans-9-octadecenoyl-CoA (C39H68N7O17P3S)"	[]	[]	| metFormula deduced with reference to ChEBIID CHEBI:78146 (trans-9-octadecenoyl-CoA) and CHEBI:76896 ((11Z)-3-oxooctadecenoyl-CoA)	[]
s_2924[p]	C37H64N7O17P3S	C37H62N7O18P3S	0	[]	MNXM150996	r_2293	[]	O-1H2	"| 3-oxo, in IUPAC nomenclature, indicates an ""=O"" group bonded to carbon-3 of the S-acyl group i.e. 3-oxo-cis-hexadec-7-enoyl-CoA should have -2C and 1O as compared to hexadecenoyl-CoA (C37H64N7O17P3S)"	| metFormula in MNX database (C37H58N7O18P3S) with metCharge -4 is a conjugate base of cis-tetradec-5-enoyl-CoA (C37H62N7O18P3S)	[]	| Changes based on ChEBIID CHEBI:88090	[]
s_2925[p]	C35H60N7O17P3S	C35H58N7O18P3S	0	[]	MNXM147795	r_2294	[]	O-1H2	"| 3-oxo, in IUPAC nomenclature, indicates an ""=O"" group bonded to carbon-3 of the S-acyl group i.e. 3-oxo-cis-tetradec-5-enoyl-CoA should have -2C and 1O as compared to cis-tetradec-11-enoyl-CoA (C35H60N7O17P3S)"	| metFormula in MNX database (C35H54N7O18P3S) with metCharge -4 is a conjugate base of cis-tetradec-5-enoyl-CoA (C35H60N7O17P3S)	[]	| Changes based on ChEBIID CHEBI:88080	[]
s_2933[p]	C35H54N7O17P3S	C35H58N7O17P3S	0	[]	MNXM147629	r_2302	[]	H4	"| all related reactions (r_2302, 2304) can be corrected by adding 4 H atoms to old trans-2,trans-4-tetradecadienoyl-CoA metFormula"	[]	[]	| Verified via ChEBIID CHEBI:88084	[]
s_2941[erm]	C19H35O7P	[]	-2	0	[]	r_2313	[]	H-2	| metFormula determined based on acylglycerone phosphate (16:0) (C19H35O7P)	[]	[]	[]	[]
s_2942[erm]	C21H39O7P	C21H41O7P	-2	0	MNXM33006	r_2314	[]	[]	s_2942[erm]: changed metFormula C21H39O7P to C21H41O7P to balance equation | changed metCharges -2 to 0 to balance equation	| metFormula in MNX database (C21H39O7P) with metCharge -2 is a conjugate base of acylglycerone phosphate (18:0) (C21H41O7P)	| Verified based on KEGGID C03805	| Verified based on CHEBI:36476	[]
s_2943[erm]	C35H65O8P	C21H39O7P	0	[]	MNXM32961	r_2315	[]	C-14O-1H-28	s_2943[erm]: changed C35H65O8P to C21H39O7P to balance equation	| metFormula in MNX database (C21H37O7P) with metCharge -2 is a conjugate base of acylglycerone phosphate (18:1) (C21H39O7P)	| Verified based on KEGGID C03630	| Verified based on ChEBIID CHEBI:36475	[]
s_2935[erm]	C19H37O7P	C19H39O7P	-2	0	MNXM2455	r_2332	[]	H-2	"| Conjugate acid of phosphatidate C19H39O7P is most likely to be predominant due to the neutral ? acidic conditions in the compartments where reaction occurs (erm, vm, gm); reference literature: https://doi.org/10.1038/s41598-018-30367-z"	| metFormula in MNX database (C19H37O7P) with metCharge -2 is a conjugate base of 1-acyl-sn-glycerol 3-phosphate (C19H39O7P)	[]	| based on metFormula in model ChEBIID CHEBI:15799	[]
s_2936[erm]	C19H35O7P	C19H37O7P	-2	0	MNXM66496	r_2334	[]	H-2	"| Conjugate acid of phosphatidate C19H37O7P is most likely to be predominant due to the neutral  acidic conditions in the compartments where reaction occurs (erm, vm, gm); reference literature: https://doi.org/10.1038/s41598-018-30367-z"	| metFormula in MNX database (C19H35O7P) with metCharge -2 is a conjugate base of 1-acyl-sn-glycerol 3-phosphate (C19H37O7P)	[]	| based on metFormula in model ChEBIID CHEBI:75070	[]
s_2954[erm]	C35H65O8P	C35H67O8P	-2	0	MNXM66470	r_2344	[]	H-2	"| Conjugate acid of phosphatidate C35H67O8P is most likely to be predominant due to the neutral ? acidic conditions in the compartments where reaction occurs (erm, vm, gm); reference literature: https://doi.org/10.1038/s41598-018-30367-z"	"| metFormula in MNX database (C35H65O7P) with metCharge -2 is a conjugate base of phosphatidate (1-16:0, 2-16:1) (C35H67O8P)"	[]	[]	| Reference to LMGP10010911
s_2967[erm]	C35H68O5	C35H66O5	0	[]	MNXM49375	r_2344	[]	H-2	"| Incorrect metFormula of diglyceride (1-16:0, 2-16:0) (C35H68O5) was previously registered"	| based on metFormula in MNXM49375	[]	[]	[]
s_2955[erm]	C37H71O8P	C37H69O8P	0	-2	MNXM66476	r_2345	[]	H2	s_2955[erm]: changed metFormula C37H71O8P to C37H69O8P to balance equation | changed metCharges 0 to -2 to balance equation	| based on metFormula in MNXM66476			
s_3090[erm]	C48H83N3O15P2	C48H87N3O15P2	0	[]	[]	r_2438	[]	H4	"| metFormula determined based on CDP-diacylglycerol (1-16:0, 2-16:1) (C44H79N3O15P2)"	[]	[]	[]	| reference to LMGP13010015
s_3088[erm]	C46H83N3O15P2	C46H81N3O15P2	0	-2	MNXM32787	r_2450	[]	H1	s_3088[erm]: changed metFormula C46H83N3O15P2 to C46H81N3O15P2 to balance equation | changed metCharges 0 to -2 to balance equation	| based on metFormula in MNXM32787			
s_3126[erm]	C25H41O12P	C25H47O12P	0	[]	[]	r_2462	[]	H-6	s_3126[erm]: changed C25H41O12P to C25H47O12P to balance equation	[]	[]	| Changes based on ChEBIID CHEBI:138108	[]
s_3127[erm]	C27H45O12P	C27H51O12P	0	[]	[]	r_2463	[]	H-6	s_3127[erm]: changed C27H45O12P to C27H51O12P to balance equation	[]	[]	| Changes based on alternative ChEBIID CHEBI:90456	[]
s_3220[mm]	C40H74O13P2	C38H74O13P2	0	[]	[]	r_2536	[]	C-2H-1	"| metFormula determined based on 3-(3-sn-phosphatidyl)-sn-glycerol 1-phosphate (1-16:0, 2-18:1) (C42H76O13P2)"	[]	[]	[]	[]
s_3221[mm]	C40H72O13P2	C38H72O13P2	0	[]	[]	r_2537	[]	C-2H-1	"| metFormula determined based on 3-(3-sn-phosphatidyl)-sn-glycerol 1-phosphate (1-16:0, 2-18:1) (C42H76O13P2)"	[]	[]	[]	[]
s_3222[mm]	C42H76O13P2	C40H78O13P2	0	[]	[]	r_2538	[]	C-2H1	"| metFormula determined based on 3-(3-sn-phosphatidyl)-sn-glycerol 1-phosphate (1-16:0, 2-18:1) (C42H76O13P2)"	[]	[]	[]	[]
s_3223[mm]	C42H74O13P2	C40H76O13P2	0	[]	[]	r_2539	[]	C-2H1	"| metFormula determined based on 3-(3-sn-phosphatidyl)-sn-glycerol 1-phosphate (1-16:0, 2-18:1) (C42H76O13P2)"	[]	[]	[]	[]
s_3104[mm]	C46H81N3O15P2	C46H83N3O15P2	-2	0	MNXM32787	r_2540	[]	C-2H-1	"| metFormula determined based on CDP-diacylglycerol (1-16:0, 2-16:1) (C44H79N3O15P2)"	"| metFormula in MNX database (C46H81N3O15P2) with metCharge -2 is a conjugate base of CDP-diacylglycerol (1-16:0, 2-18:1)(C46H83N3O15P2)"	| Verified via current KEGGID C13892	| Verified via ChEBIID CHEBI:34077	[]
s_3224[mm]	C42H76O13P2	C40H78O13P2	0	[]	MNXM725269	r_2540	[]	C-2H-1	"| based on reaction, this metabolite is deduced to be PGP (16:0, 18:1), a product formed when CDP-DAG reacts with G3P"	| metFormula in MNX database (C40H75O13P2) with metCharge -3 is a conjugate base of 1-acyl-sn-glycerol 3-phosphate (C19H37O7P)	[]	[]	| Changes based on reference to LMGP05010001
s_3225[mm]	C42H74O13P2	C40H76O13P2	0	[]	[]	r_2541	[]	C-2H1	"| metFormula determined based on 3-(3-sn-phosphatidyl)-sn-glycerol 1-phosphate (1-16:0, 2-18:1) (C42H76O13P2)"	[]	[]	[]	[]
s_3234[mm]	C73H140O17P2	C73H138O17P2	0	[]	MNXM120766	r_2548	[]	H-1	"| Deduced with reference to s_3235 [mm], cardiolipin (1-16:0, 2-16:1, 3-16:1, 4-16:1)"	"| metFormula in MNX database (C73H136O17P2) with metCharge -2 is a conjugate base of cardiolipin (1-16:0, 2-16:1, 3-16:0, 4-16:1) (C73H138O17P2)"	[]	[]	| Verified via reference to PubChem CID 131766957
s_3236[mm]	C75H144O17P2	C75H142O17P2	0	[]	MNXM120785	r_2550	[]	H-1	"| Deduced with reference to s_3235 [mm], cardiolipin (1-16:0, 2-16:1, 3-16:1, 4-16:1)"	"| metFormula in MNX database (C75H140O17P2) with metCharge -2 is a conjugate base of cardiolipin (1-16:0, 2-16:1, 3-18:0, 4-16:1) (C75H142O17P2)"	[]	[]	| Verified via reference to PubChem CID 131766967
s_3238[mm]	C75H144O17P2	C75H142O17P2	0	[]	MNXM120768	r_2552	[]	H-1	"| Deduced with reference to s_3235 [mm], cardiolipin (1-16:0, 2-16:1, 3-16:1, 4-16:1)"	"| metFormula in MNX database (C75H140O17P2) with metCharge -2 is a conjugate base of cardiolipin (1-16:0, 2-16:1, 3-18:0, 4-16:1) (C75H142O17P2)"	[]	[]	| Verified via reference to PubChem CID 131766959
s_3240[mm]	C73H138O17P2	C73H136O17P2	0	[]	[]	r_2554	[]	H-1	"| Deduced with reference to s_3235 [mm], cardiolipin (1-16:0, 2-16:1, 3-16:1, 4-16:1)"	[]	[]	[]	[]
s_3242[mm]	C75H142O17P2	C75H140O17P2	0	[]	[]	r_2556	[]	H-1	"| Deduced with reference to s_3235 [mm], cardiolipin (1-16:0, 2-16:1, 3-16:1, 4-16:1)"	[]	[]	[]	[]
s_3244[mm]	C75H142O17P2	C75H140O17P2	0	[]	[]	r_2558	[]	H-1	"| Deduced with reference to s_3235 [mm], cardiolipin (1-16:0, 2-16:1, 3-16:1, 4-16:1)"	[]	[]	[]	[]
s_3246[mm]	C75H144O17P2	C75H142O17P2	0	[]	[]	r_2560	[]	H-1	"| Deduced with reference to s_3235 [mm], cardiolipin (1-16:0, 2-16:1, 3-16:1, 4-16:1)"	[]	[]	[]	[]
s_3248[mm]	C77H148O17P2	C77H146O17P2	0	[]	[]	r_2562	[]	H-1	"| Deduced with reference to s_3235 [mm], cardiolipin (1-16:0, 2-16:1, 3-16:1, 4-16:1)"	[]	[]	[]	[]
s_3250[mm]	C77H148O17P2	C77H146O17P2	0	[]	[]	r_2564	[]	H-1	"| Deduced with reference to s_3235 [mm], cardiolipin (1-16:0, 2-16:1, 3-16:1, 4-16:1)"	[]	[]	[]	[]
s_3252[mm]	C75H142O17P2	C75H140O17P2	0	[]	[]	r_2566	[]	H-1	"| Deduced with reference to s_3235 [mm], cardiolipin (1-16:0, 2-16:1, 3-16:1, 4-16:1)"	[]	[]	[]	[]
s_3254[mm]	C77H146O17P2	C77H144O17P2	0	[]	[]	r_2568	[]	H-1	"| Deduced with reference to s_3235 [mm], cardiolipin (1-16:0, 2-16:1, 3-16:1, 4-16:1)"	[]	[]	[]	[]
s_3256[mm]	C77H146O17P2	C77H144O17P2	0	[]	[]	r_2570	[]	H-1	"| Deduced with reference to s_3235 [mm], cardiolipin (1-16:0, 2-16:1, 3-16:1, 4-16:1)"	[]	[]	[]	[]
s_3258[mm]	C75H144O17P2	C75H142O17P2	0	[]	[]	r_2572	[]	H-1	"| Deduced with reference to s_3235 [mm], cardiolipin (1-16:0, 2-16:1, 3-16:1, 4-16:1)"	[]	[]	[]	[]
s_3260[mm]	C77H148O17P2	C77H146O17P2	0	[]	[]	r_2574	[]	H-1	"| Deduced with reference to s_3235 [mm], cardiolipin (1-16:0, 2-16:1, 3-16:1, 4-16:1)"	[]	[]	[]	[]
s_3262[mm]	C77H148O17P2	C77H146O17P2	0	[]	[]	r_2576	[]	H-1	"| Deduced with reference to s_3235 [mm], cardiolipin (1-16:0, 2-16:1, 3-16:1, 4-16:1)"	[]	[]	[]	[]
s_3264[mm]	C75H142O17P2	C75H140O17P2	0	[]	[]	r_2578	[]	H-1	"| Deduced with reference to s_3235 [mm], cardiolipin (1-16:0, 2-16:1, 3-16:1, 4-16:1)"	[]	[]	[]	[]
s_3266[mm]	C77H146O17P2	C77H144O17P2	0	[]	[]	r_2580	[]	H-1	"| Deduced with reference to s_3235 [mm], cardiolipin (1-16:0, 2-16:1, 3-16:1, 4-16:1)"	[]	[]	[]	[]
s_3268[mm]	C77H146O17P2	C77H144O17P2	0	[]	[]	r_2582	[]	H-1	"| Deduced with reference to s_3235 [mm], cardiolipin (1-16:0, 2-16:1, 3-16:1, 4-16:1)"	[]	[]	[]	[]
s_3308[mm]	C77H146O17P2	C77H144O17P2	0	[]	[]	r_2672	[]	H-2	"| Deduced with reference to s_3235 [mm], cardiolipin (1-16:0, 2-16:1, 3-16:1, 4-16:1)"	[]	[]	[]	[]
s_3310[mm]	C79H150O17P2	C79H148O17P2	0	[]	[]	r_2688	[]	H-2	"| Deduced with reference to s_3235 [mm], cardiolipin (1-16:0, 2-16:1, 3-16:1, 4-16:1)"	[]	[]	[]	[]
s_3312[mm]	C79H150O17P2	C79H148O17P2	0	[]	[]	r_2704	[]	H-2	"| Deduced with reference to s_3235 [mm], cardiolipin (1-16:0, 2-16:1, 3-16:1, 4-16:1)"	[]	[]	[]	[]
s_3297[mm]	C24H51NO7P	C24H50NO7P	1	0	MNXM32510	r_2812	[]	H1	s_3297[mm]: changed metFormula C24H51NO7P to C24H50NO7P to balance equation | changed metCharges 1 to 0 to balance equation	| Changes based on reference to MNXM32510	[]	| Changes based on reference to CHEBI:72998	| Changes based on reference to LMGP01050018
s_3299[mm]	C24H49NO7P	C24H48NO7P	1	0	MNXM32519	r_2814	[]	H1	s_3299[mm]: changed metFormula C24H49NO7P to C24H48NO7P to balance equation | changed metCharges 1 to 0 to balance equation	| Changes based on reference to MNXM32519	[]	| Changes based on reference to CHEBI:73851	| Changes based on reference to LMGP01050022
s_3301[mm]	C26H55NO7P	C26H54NO7P	1	0	MNXM32545	r_2816	[]	H1	s_3301[mm]: changed metFormula C26H55NO7P to C26H54NO7P to balance equation | changed metCharges 1 to 0 to balance equation	| Changes based on reference to MNXM32545	[]	| Changes based on reference to CHEBI:73858	| Changes based on reference to LMGP01050026
s_3303[mm]	C26H53NO7P	C26H52NO7P	1	0	MNXM13872	r_2818	[]	H1	s_3303[mm]: changed metFormula C26H53NO7P to C26H52NO7P to balance equation | changed metCharges 1 to 0 to balance equation	| Changes based on reference to MNXM13872	[]	| Changes based on reference to CHEBI:28610	| Changes based on reference to LMGP01050032
s_3479[ce]	C22H44NP10	C22H44NO9P	0	[]	MNXM78597	r_3058	[]	O9P-9	s_3479[ce]: changed C22H44NP10 to C22H44NO9P to balance equation	| metFormula in MNX database (C22H43NO9P) with metCharge -1 is a conjugate base of 1-acylglycerophosphoserine (16:0) (C22H44NO9P)	[]	[]	| Changes based on reference to LMGP03050002
s_3481[ce]	C22H42NP10	C22H42NO9P	0	[]	MNXM78629	r_3059	[]	O9P-9	s_3481[ce]: changed C22H42NP10 to C22H42NO9P to balance equation	| metFormula in MNX database (C22H41NO9P) with metCharge -1 is a conjugate base of 1-acylglycerophosphoserine (16:1) (C22H42NO9P)	[]	[]	| Changes based on reference to LMGP03050010
s_3483[ce]	C24H48NP10	C24H48NO9P	0	[]	MNXM78757	r_3060	[]	O9P-9	s_3483[ce]: changed C24H48NP10 to C24H48NO9P to balance equation	| metFormula in MNX database (C24H47NO9P) with metCharge -1 is a conjugate base of 1-acylglycerophosphoserine (18:0) (C24H48NO9P)	[]	[]	| Changes based on reference to LMGP03050006
s_3485[ce]	C24H46NP10	C24H46NO9P	0	[]	MNXM32944	r_3061	[]	O9P-9	s_3485[ce]: changed C24H46NP10 to C24H46NO9P to balance equation	| metFormula in MNX database (C24H45NO9P) with metCharge -1 is a conjugate base of 1-acylglycerophosphoserine (18:1) (C24H46NO9P)	[]	[]	| Changes based on reference to LMGP03050001
s_3454[ce]	C42H82NO7P	C42H82NO8P	0	[]	MNXM69528	r_3106	[]	O-1H-2	"| metFormula determined based on phosphatidylcholine (1-16:1, 2-16:1) (C40H76NO8P)"	| Verified via MNXMID MNXM69528	[]	| Verified via ChEBIID CHEBI:86097	| Verified via reference to LMGP01010744
s_3456[ce]	C42H80NO7P	C42H80NO8P	0	[]	MNXM69658	r_3107	[]	O-1H-2	"| metFormula determined based on phosphatidylcholine (1-16:1, 2-16:1) (C40H76NO8P)"	| Verified via MNXMID MNXM69658	[]	| Verified via ChEBIID CHEBI:86100	| Verified via reference to LMGP01010887
s_3461[ce]	C44H86NO7P	C44H86NO8P	0	[]	MNXM32526	r_3110	[]	O-1H-2	"| metFormula determined based on phosphatidylcholine (1-16:1, 2-18:1) (C42H80NO8P)"	| Verified via MNXMID MNXM32526	[]	| Verified via ChEBIID CHEBI:75034	| Verified via reference to LMGP01010761
s_3462[ce]	C44H84NO7P	C44H84NO8P	0	[]	MNXM8549	r_3111	[]	O-1H-2	"| metFormula determined based on phosphatidylcholine (1-16:1, 2-18:1) (C42H80NO8P)"	| Verified via MNXMID MNXM8549	[]	| Verified via ChEBIID CHEBI:74669	| Verified via reference to LMGP01010890
s_2955[erm]	C37H69O8P	C37H71O8P	-2	0	MNXM66476	r_3228	[]	H3	"| Conjugate acid of phosphatidate C35H71O8P is most likely to be predominant due to the neutral ? acidic conditions in the compartments where reaction occurs (erm, vm, gm); reference literature: https://doi.org/10.1038/s41598-018-30367-z"	"| metFormula in MNX database (C37H69O7P) with metCharge -2 is a conjugate base of phosphatidate (1-16:0, 2-18:1) (C37H71O8P)"	[]	[]	| Reference to LMGP10010032
s_3754[m]	C20H28N6O13PR	C5H8NO3R	0	[]	MNXM91213	r_4155	[]	[]	s_3754[m]: changed C20H28N6O13PR to C5H8NO3R to balance equation	[]	[]	[]	| Reference to MetaCycID 6.3.5.7-RXN
s_3756[m]	C20H29N7O12PR	C5H10N2O2R	1	[]	MNXM89810	r_4155	[]	[]	s_3756[m]: changed C20H29N7O12PR to C5H10N2O2R to match s_0747[c] with same metName but different compartment	[]	[]	[]	| Reference to MetaCycID 6.3.5.7-RXN
s_3808[m]	R	RH	-1	0	MNXM90667	r_4187	MNXR103208	O1H-1	"| tRNA(Pro) should be uncharged, with an additional H atom"	[]	[]	[]	| Reference to BioCycID PROLINE--TRNA-LIGASE-RXN
s_3809[m]	C5H8NOR	C5H9NOR	0	1	MNXM247	r_4187	MNXR103208	O1H-1	"| Pro-tRNA(Pro) should be charged (+1), with an additional H atom"	[]	[]	[]	| Reference to BioCycID PROLINE--TRNA-LIGASE-RXN
s_1582[c]	R	RH	[]	0	MNXM89576	r_4218	[]	[]	s_1582[c]: changed metFormula R to RH to balance equation | changed metCharges [] to 0 to balance equation	[]	[]	[]	| Reference to MetaCycID RXN-19726
s_3856[c]	[]	C2H5NOR	0	1	0	r_4218	[]	[]	s_3856[c]: changed metFormula 0 to C2H5NOR to balance equation | changed metCharges 0 to 1 to balance equation	[]	[]	[]	| Reference to MetaCycID RXN-19726
s_1612[c]	R	RH	0	[]	MNXM90668	r_4219	[]	O1	"| tRNA(Tyr) should be uncharged, with an additional H atom"	[]	[]	[]	| Reference to MetaCycID RXN-19727
s_3857[c]	C9H10NO3R	C9H11NO2R	0	1	[]	r_4219	[]	O1	| Deduced with reference to s_1612[c] and s_3858[c] i.e. tRNA(Tyr) and D-tyrosine; reference to EC 3.1.1.96 found in model.rxnNames	[]	[]	[]	| Reference to MetaCycID RXN-19727
s_3908[m]	C14H17N3O15P2R2	C14H19N3O15P2R2	-2	0	MNXM201	r_4251	MNXR107177	H2	| reference to 19118367 - conjugate acid of CDP-diacylglycerol (C14H17N3O15P2R2) more likely to be prevalent in neutral/acidic conditions in mitochondria	| metFormula in MNX database (C14H17N3O15P2R2) with metCharge -2 is a conjugate base of CDP-diacylglycerol (C14H19N3O15P2R2)	[]	[]	[]
s_3932[er]	C50H66N4O29	C50H82N4O37	0	[]	MNXM9328	r_4271	MNXR109973	H-1R1	s_3932[er]: changed C50H66N4O29 to C50H82N4O37 to balance equation	| based on other metFormulas in r_4271 to determine glycan G00012 formula	[]	[]	[]
s_3943[p]	C10H14N5O8P	C10H12N5O8P	-2	[]	MNXM2497	r_4279	MNXR113234	H4	s_3943[p]: changed C10H14N5O8P to C10H12N5O8P to balance equation	[]	[]	[]	[]
s_3942[p]	C10H16N5O14P3	C10H12N5O14P3	-4	[]	MNXM4425	r_4279; r_4253; r_4320; r_4321	MNXR113234	H4	s_3942[p]: changed C10H16N5O14P3 to C10H12N5O14P3 to balance equation	[]	[]	[]	[]
s_0412[c]	C6H14NO8P	C6H13NO8P	0	-1	MNXM162238	r_4286	MNXR100613	H-2	s_0412[c]: changed metFormula C6H14NO8P to C6H13NO8P to balance equation | changed metCharges 0 to -1 to balance equation	[]	[]	[]	[]
s_3953[c]	C6H13NO5	C6H14NO5	0	1	MNXM533	r_4286	MNXR100613	H-2	s_3953[c]: changed metFormula C6H13NO5 to C6H14NO5 to balance equation | changed metCharges 0 to 1 to balance equation	[]	[]	[]	[]
s_3964[c]	C7H16NO2	C7H15NO2	1	0	MNXM626	r_4297	MNXR108074	H-1	s_3964[c]: changed metFormula C7H16NO2 to C7H15NO2 to balance equation | changed metCharges 1 to 0 to balance equation	| based on metFormula in MNXM626	[]	[]	[]
s_3968[c]	C5H6N2O2	C5H5N2O2	0	-1	MNXM1330	r_4299	MNXR95745	H-1	s_3968[c]: changed metFormula C5H6N2O2 to C5H5N2O2 to balance equation | changed metCharges 0 to -1 to balance equation	| based on metFormula in MNXM1330	[]	[]	[]
s_3972[c]	C10H9NO3	C10H8NO3	0	-1	MNXM1961	r_4301	MNXR109205	H-1	s_3972[c]: changed metFormula C10H9NO3 to C10H8NO3 to balance equation | changed metCharges 0 to -1 to balance equation	| based on metFormula in MNXM1961	[]	[]	[]
s_3980[c]	C2H3ClO2	C2H2ClO2	0	-1	MNXM1468	r_4305	MNXR109457	H-1	s_3980[c]: changed metFormula C2H3ClO2 to C2H2ClO2 to balance equation | changed metCharges 0 to -1 to balance equation	| based on metFormula in MNXM1468	[]	[]	[]
s_3982[c]	C10H14O2	C10H13O2	0	-1	MNXM2414	r_4306	MNXR110183	H-1	s_3982[c]: changed metFormula C10H14O2 to C10H13O2 to balance equation | changed metCharges 0 to -1 to balance equation	| based on metFormula in MNXM2414	[]	[]	[]
s_3984[c]	C15H24O2	C15H23O2	0	-1	MNXM3989	r_4307	MNXR111724	H-1	s_3984[c]: changed metFormula C15H24O2 to C15H23O2 to balance equation | changed metCharges 0 to -1 to balance equation	| based on metFormula in MNXM3989	[]	[]	[]
s_4012[m]	CHNS	CNS	0	-1	MNXM762	r_4326	MNXR138187	H-1	s_4012[m]: changed metFormula CHNS to CNS to balance equation | changed metCharges 0 to -1 to balance equation	| based on metFormula in MNXM762	[]	[]	[]
%													
